<?xml version="1.0" encoding ="utf-8"?>
<swc xmlns="http://www.adobe.com/flash/swccatalog/9">
  <versions>
    <swc version="1.2" />
    <flex version="4.6.0" build="23201" minimumSupportedVersion="3.0.0" />
  </versions>
  <features>
    <feature-script-deps />
    <feature-components />
    <feature-files />
  </features>
  <components>
    <component className="org.astoolkit.commons.conditional:All" name="All" uri="http://www.astoolkit.org/ns/2012/commons"  />
    <component className="org.astoolkit.commons.conditional:Any" name="Any" uri="http://www.astoolkit.org/ns/2012/commons"  />
    <component className="org.astoolkit.commons.conditional:Eq" name="Eq" uri="http://www.astoolkit.org/ns/2012/commons"  />
    <component className="org.astoolkit.commons.conditional:Gt" name="Gt" uri="http://www.astoolkit.org/ns/2012/commons"  />
    <component className="org.astoolkit.commons.conditional:MatchRegExp" name="MatchRegExp" uri="http://www.astoolkit.org/ns/2012/commons"  />
    <component className="org.astoolkit.commons.conditional:None" name="None" uri="http://www.astoolkit.org/ns/2012/commons"  />
  </components>
  <libraries>
    <library path="library.swf">
      <script name="com/hurlant/test/ILogger" mod="1210993422000" signatureChecksum="2561613321" >
        <def id="com.hurlant.test:ILogger" /> 
        <dep id="AS3" type="n" /> 
        <dep id="Object" type="i" /> 
      </script>
      <script name="org/astoolkit/commons/conditional/AsyncExpressionToken" mod="1339780339000" signatureChecksum="4147599593" >
        <def id="org.astoolkit.commons.conditional:AsyncExpressionToken" /> 
        <dep id="flash.events:Event" type="e" /> 
        <dep id="AS3" type="n" /> 
        <dep id="flash.events:EventDispatcher" type="i" /> 
      </script>
      <script name="org/astoolkit/commons/collection/api/IIterator" mod="1339675164000" signatureChecksum="524911267" >
        <def id="org.astoolkit.commons.collection.api:IIterator" /> 
        <dep id="AS3" type="n" /> 
        <dep id="Object" type="i" /> 
      </script>
      <script name="org/astoolkit/commons/collection/ByteArrayIterator" mod="1339675188000" signatureChecksum="420393309" >
        <def id="org.astoolkit.commons.collection:ByteArrayIterator" /> 
        <dep id="flash.utils:ByteArray" type="e" /> 
        <dep id="Math" type="e" /> 
        <dep id="flash.utils:ByteArray" type="s" /> 
        <dep id="AS3" type="n" /> 
        <dep id="org.astoolkit.commons.collection.api:IIterator" type="i" /> 
        <dep id="Object" type="i" /> 
      </script>
      <script name="org/astoolkit/commons/conditional/api/IConditionalExpression" mod="1340286729000" signatureChecksum="2892275485" >
        <def id="org.astoolkit.commons.conditional.api:IConditionalExpression" /> 
        <dep id="org.astoolkit.commons.conditional.api:IConditionalExpressionGroup" type="s" /> 
        <dep id="org.astoolkit.commons.conditional.api:IExpressionResolver" type="s" /> 
        <dep id="AS3" type="n" /> 
        <dep id="mx.core:IMXMLObject" type="i" /> 
        <dep id="Object" type="i" /> 
      </script>
      <script name="org/astoolkit/commons/conditional/api/IConditionalExpressionGroup" mod="1340287588000" signatureChecksum="2916048925" >
        <def id="org.astoolkit.commons.conditional.api:IConditionalExpressionGroup" /> 
        <dep id="AS3" type="n" /> 
        <dep id="org.astoolkit.commons.conditional.api:IConditionalExpression" type="i" /> 
        <dep id="Object" type="i" /> 
      </script>
      <script name="org/astoolkit/commons/conditional/BaseConditionalExpression" mod="1340286731000" signatureChecksum="3240964627" >
        <def id="org.astoolkit.commons.conditional:BaseConditionalExpression" /> 
        <dep id="org.astoolkit.commons.conditional.api:IConditionalExpressionGroup" type="e" /> 
        <dep id="org.astoolkit.commons.conditional.api:IConditionalExpressionGroup" type="s" /> 
        <dep id="org.astoolkit.commons.conditional.api:IExpressionResolver" type="s" /> 
        <dep id="AS3" type="n" /> 
        <dep id="org.astoolkit.commons.conditional.api:IConditionalExpression" type="i" /> 
        <dep id="Object" type="i" /> 
      </script>
      <script name="org/astoolkit/commons/conditional/BaseConditionalExpressionGroup" mod="1340287605000" signatureChecksum="1441269565" >
        <def id="org.astoolkit.commons.conditional:BaseConditionalExpressionGroup" /> 
        <dep id="__AS3__.vec:Vector" type="s" /> 
        <dep id="org.astoolkit.commons.conditional.api:IExpressionResolver" type="s" /> 
        <dep id="org.astoolkit.commons.conditional.api:IConditionalExpression" type="s" /> 
        <dep id="AS3" type="n" /> 
        <dep id="org.astoolkit.commons.conditional.api:IConditionalExpressionGroup" type="i" /> 
        <dep id="org.astoolkit.commons.conditional:BaseConditionalExpression" type="i" /> 
      </script>
      <script name="org/astoolkit/commons/conditional/All" mod="1340286946000" signatureChecksum="2525654839" >
        <def id="org.astoolkit.commons.conditional:All" /> 
        <dep id="org.astoolkit.commons.conditional:AsyncExpressionToken" type="e" /> 
        <dep id="org.astoolkit.commons.conditional.api:IConditionalExpression" type="s" /> 
        <dep id="AS3" type="n" /> 
        <dep id="org.astoolkit.commons.conditional:BaseConditionalExpressionGroup" type="i" /> 
      </script>
      <script name="com/hurlant/eval/CompiledESC_parse_abc" mod="1210993420000" signatureChecksum="507424880" >
        <def id="com.hurlant.eval:CompiledESC_parse_abc" /> 
        <dep id="AS3" type="n" /> 
        <dep id="mx.core:ByteArrayAsset" type="i" /> 
      </script>
      <script name="com/hurlant/eval/CompiledESC" mod="1210993422000" signatureChecksum="1576025013" >
        <def id="com.hurlant.eval:CompiledESC" /> 
        <dep id="com.hurlant.eval:CompiledESC_esc_core_abc" type="e" /> 
        <dep id="com.hurlant.eval:CompiledESC_bytes_tamarin_abc" type="e" /> 
        <dep id="flash.utils:ByteArray" type="e" /> 
        <dep id="trace" type="e" /> 
        <dep id="com.hurlant.eval:CompiledESC_cogen_abc" type="e" /> 
        <dep id="com.hurlant.eval:CompiledESC_parse_abc" type="e" /> 
        <dep id="com.hurlant.eval:CompiledESC_util_tamarin_abc" type="e" /> 
        <dep id="com.hurlant.eval:CompiledESC_esc_env_abc" type="e" /> 
        <dep id="com.hurlant.eval:CompiledESC_cogen_stmt_abc" type="e" /> 
        <dep id="com.hurlant.eval:CompiledESC_abc_abc" type="e" /> 
        <dep id="Error" type="e" /> 
        <dep id="com.hurlant.eval:CompiledESC_ast_abc" type="e" /> 
        <dep id="com.hurlant.eval:CompiledESC_debug_abc" type="e" /> 
        <dep id="com.hurlant.eval:ByteLoader" type="e" /> 
        <dep id="com.hurlant.eval:CompiledESC_emit_abc" type="e" /> 
        <dep id="com.hurlant.eval:CompiledESC_cogen_expr_abc" type="e" /> 
        <dep id="com.hurlant.eval:CompiledESC_asm_abc" type="e" /> 
        <dep id="com.hurlant.eval:CompiledESC_lex_scan_abc" type="e" /> 
        <dep id="com.hurlant.eval:CompiledESC_lex_token_abc" type="e" /> 
        <dep id="com.hurlant.eval:CompiledESC_eval_support_abc" type="e" /> 
        <dep id="flash.utils:getDefinitionByName" type="e" /> 
        <dep id="com.hurlant.eval:CompiledESC_lex_char_abc" type="e" /> 
        <dep id="com.hurlant.eval:CompiledESC_util_abc" type="e" /> 
        <dep id="flash.utils:ByteArray" type="s" /> 
        <dep id="Error" type="s" /> 
        <dep id="AS3" type="n" /> 
        <dep id="Object" type="i" /> 
      </script>
      <script name="org/astoolkit/commons/mapping/api/IPropertyMappingDescriptor" mod="1339780370000" signatureChecksum="210517376" >
        <def id="org.astoolkit.commons.mapping.api:IPropertyMappingDescriptor" /> 
        <dep id="AS3" type="n" /> 
        <dep id="Object" type="i" /> 
      </script>
      <script name="com/hurlant/eval/ByteLoader" mod="1339672838000" signatureChecksum="1691974839" >
        <def id="com.hurlant.eval:ByteLoader" /> 
        <dep id="flash.utils:ByteArray" type="e" /> 
        <dep id="flash.utils:Endian" type="e" /> 
        <dep id="com.hurlant.eval:Debug" type="e" /> 
        <dep id="flash.display:Loader" type="e" /> 
        <dep id="flash.system:LoaderContext" type="e" /> 
        <dep id="flash.system:ApplicationDomain" type="e" /> 
        <dep id="flash.utils:ByteArray" type="s" /> 
        <dep id="flash.display:Loader" type="s" /> 
        <dep id="flash.system:LoaderContext" type="s" /> 
        <dep id="AS3" type="n" /> 
        <dep id="Object" type="i" /> 
      </script>
      <script name="org/astoolkit/commons/conditional/api/IExpressionResolver" mod="1339780324000" signatureChecksum="3548594721" >
        <def id="org.astoolkit.commons.conditional.api:IExpressionResolver" /> 
        <dep id="AS3" type="n" /> 
        <dep id="Object" type="i" /> 
      </script>
      <script name="org/astoolkit/commons/factory/IPooledFactory" mod="1339446820000" signatureChecksum="2230291588" >
        <def id="org.astoolkit.commons.factory:IPooledFactory" /> 
        <dep id="org.astoolkit.commons.factory:IPooledFactoryDelegate" type="s" /> 
        <dep id="AS3" type="n" /> 
        <dep id="mx.core:IFactory" type="i" /> 
        <dep id="Object" type="i" /> 
      </script>
      <script name="com/hurlant/eval/CompiledESC_debug_abc" mod="1210993420000" signatureChecksum="3893932037" >
        <def id="com.hurlant.eval:CompiledESC_debug_abc" /> 
        <dep id="AS3" type="n" /> 
        <dep id="mx.core:ByteArrayAsset" type="i" /> 
      </script>
      <script name="org/astoolkit/commons/collection/FileStreamIterator" mod="1339675203000" signatureChecksum="2510536487" >
        <def id="org.astoolkit.commons.collection:FileStreamIterator" /> 
        <dep id="flash.utils:ByteArray" type="e" /> 
        <dep id="flash.filesystem:FileStream" type="e" /> 
        <dep id="Math" type="e" /> 
        <dep id="flash.utils:ByteArray" type="s" /> 
        <dep id="flash.filesystem:FileStream" type="s" /> 
        <dep id="AS3" type="n" /> 
        <dep id="org.astoolkit.commons.collection.api:IIterator" type="i" /> 
        <dep id="Object" type="i" /> 
      </script>
      <script name="org/astoolkit/commons/reflection/BaseInfo" mod="1339446786000" signatureChecksum="2490614427" >
        <def id="org.astoolkit.commons.reflection:BaseInfo" /> 
        <dep id="flash.utils:getQualifiedClassName" type="e" /> 
        <dep id="org.astoolkit.commons.reflection:IAnnotation" type="s" /> 
        <dep id="__AS3__.vec:Vector" type="s" /> 
        <dep id="AS3" type="n" /> 
        <dep id="Object" type="i" /> 
      </script>
      <script name="com/hurlant/eval/CompiledESC_cogen_stmt_abc" mod="1210993420000" signatureChecksum="794409605" >
        <def id="com.hurlant.eval:CompiledESC_cogen_stmt_abc" /> 
        <dep id="AS3" type="n" /> 
        <dep id="mx.core:ByteArrayAsset" type="i" /> 
      </script>
      <script name="org/astoolkit/commons/databinding/BindingUtility" mod="1339446823000" signatureChecksum="1699475352" >
        <def id="org.astoolkit.commons.databinding:BindingUtility" /> 
        <dep id="org.astoolkit.commons.reflection:ClassInfo" type="e" /> 
        <dep id="mx.binding:IBindingClient" type="e" /> 
        <dep id="__AS3__.vec:Vector" type="e" /> 
        <dep id="org.astoolkit.commons.reflection:FieldInfo" type="e" /> 
        <dep id="flash.utils:getDefinitionByName" type="e" /> 
        <dep id="flash.utils:Dictionary" type="e" /> 
        <dep id="org.astoolkit.commons.reflection:ClassInfo" type="s" /> 
        <dep id="__AS3__.vec:Vector" type="s" /> 
        <dep id="org.astoolkit.commons.reflection:FieldInfo" type="s" /> 
        <dep id="flash.utils:Dictionary" type="s" /> 
        <dep id="AS3" type="n" /> 
        <dep id="mx.core:mx_internal" type="n" /> 
        <dep id="Object" type="i" /> 
      </script>
      <script name="org/astoolkit/commons/utils/ObjectCompare" mod="1339446762000" signatureChecksum="1598957416" >
        <def id="org.astoolkit.commons.utils:ObjectCompare" /> 
        <dep id="AS3" type="n" /> 
        <dep id="Object" type="i" /> 
      </script>
      <script name="org/astoolkit/commons/collection/CountIterator" mod="1339706009000" signatureChecksum="1410249649" >
        <def id="org.astoolkit.commons.collection:CountIterator" /> 
        <dep id="AS3" type="n" /> 
        <dep id="org.astoolkit.commons.collection.api:IIterator" type="i" /> 
        <dep id="Object" type="i" /> 
      </script>
      <script name="com/hurlant/eval/CompiledESC_bytes_tamarin_abc" mod="1210993420000" signatureChecksum="2720972988" >
        <def id="com.hurlant.eval:CompiledESC_bytes_tamarin_abc" /> 
        <dep id="AS3" type="n" /> 
        <dep id="mx.core:ByteArrayAsset" type="i" /> 
      </script>
      <script name="org/astoolkit/commons/mapping/api/IPropertiesMapper" mod="1339780370000" signatureChecksum="1313784744" >
        <def id="org.astoolkit.commons.mapping.api:IPropertiesMapper" /> 
        <dep id="mx.core:IFactory" type="s" /> 
        <dep id="org.astoolkit.commons.io.transform.api:IIODataTransformerRegistry" type="s" /> 
        <dep id="AS3" type="n" /> 
        <dep id="Object" type="i" /> 
      </script>
      <script name="org/astoolkit/commons/mapping/SimplePropertiesMapper" mod="1339780370000" signatureChecksum="291379444" >
        <def id="org.astoolkit.commons.mapping:SimplePropertiesMapper" /> 
        <dep id="org.astoolkit.commons.reflection:ClassInfo" type="e" /> 
        <dep id="flash.utils:getQualifiedClassName" type="e" /> 
        <dep id="org.astoolkit.commons.mapping:MappingError" type="e" /> 
        <dep id="org.astoolkit.commons.io.transform:DefaultDataTransformRegistry" type="e" /> 
        <dep id="Error" type="e" /> 
        <dep id="org.astoolkit.commons.io.transform.api:IIODataTransformer" type="s" /> 
        <dep id="mx.core:IFactory" type="s" /> 
        <dep id="org.astoolkit.commons.io.transform.api:IIODataTransformerRegistry" type="s" /> 
        <dep id="Error" type="s" /> 
        <dep id="AS3" type="n" /> 
        <dep id="org.astoolkit.commons.mapping.api:IPropertiesMapper" type="i" /> 
        <dep id="Object" type="i" /> 
      </script>
      <script name="deng/fzip/FZipErrorEvent" mod="1339446848000" signatureChecksum="1883984201" >
        <def id="deng.fzip:FZipErrorEvent" /> 
        <dep id="AS3" type="n" /> 
        <dep id="flash.events:Event" type="i" /> 
      </script>
      <script name="org/astoolkit/commons/reflection/AnnotationUtil" mod="1339446788000" signatureChecksum="895522" >
        <def id="org.astoolkit.commons.reflection:AnnotationUtil" /> 
        <dep id="org.astoolkit.commons.reflection:IAnnotation" type="e" /> 
        <dep id="flash.utils:describeType" type="e" /> 
        <dep id="flash.utils:getQualifiedClassName" type="e" /> 
        <dep id="__AS3__.vec:Vector" type="e" /> 
        <dep id="mx.core:IFactory" type="e" /> 
        <dep id="org.astoolkit.commons.reflection:Metadata" type="e" /> 
        <dep id="org.astoolkit.commons.reflection:IAnnotation" type="s" /> 
        <dep id="__AS3__.vec:Vector" type="s" /> 
        <dep id="mx.core:IFactory" type="s" /> 
        <dep id="XML" type="s" /> 
        <dep id="XMLList" type="s" /> 
        <dep id="org.astoolkit.commons.reflection:Metadata" type="s" /> 
        <dep id="AS3" type="n" /> 
        <dep id="Object" type="i" /> 
      </script>
      <script name="org/astoolkit/commons/factory/PooledFactory" mod="1339446815000" signatureChecksum="807536381" >
        <def id="org.astoolkit.commons.factory:PooledFactory" /> 
        <dep id="flash.utils:setTimeout" type="e" /> 
        <dep id="flash.utils:getQualifiedClassName" type="e" /> 
        <dep id="mx.utils:UIDUtil" type="e" /> 
        <dep id="mx.logging:Log" type="e" /> 
        <dep id="mx.core:ClassFactory" type="e" /> 
        <dep id="mx.utils:ArrayUtil" type="e" /> 
        <dep id="Error" type="e" /> 
        <dep id="org.astoolkit.commons.factory:IPooledFactoryDelegate" type="s" /> 
        <dep id="mx.logging:ILogger" type="s" /> 
        <dep id="mx.core:ClassFactory" type="s" /> 
        <dep id="AS3" type="n" /> 
        <dep id="org.astoolkit.commons.factory:IPooledFactory" type="i" /> 
        <dep id="Object" type="i" /> 
      </script>
      <script name="org/astoolkit/commons/mapping/api/IPropertiesMapperFactory" mod="1339780370000" signatureChecksum="2285718172" >
        <def id="org.astoolkit.commons.mapping.api:IPropertiesMapperFactory" /> 
        <dep id="org.astoolkit.commons.mapping.api:IPropertiesMapper" type="s" /> 
        <dep id="AS3" type="n" /> 
        <dep id="Object" type="i" /> 
      </script>
      <script name="org/astoolkit/commons/utils/ListUtil" mod="1339446764000" signatureChecksum="1588019431" >
        <def id="org.astoolkit.commons.utils:ListUtil" /> 
        <dep id="flash.utils:getQualifiedClassName" type="e" /> 
        <dep id="Error" type="e" /> 
        <dep id="mx.collections:IList" type="e" /> 
        <dep id="AS3" type="n" /> 
        <dep id="Object" type="i" /> 
      </script>
      <script name="deng/fzip/FZip" mod="1339499742000" signatureChecksum="2692930981" >
        <def id="deng.fzip:FZip" /> 
        <dep id="flash.events:Event" type="e" /> 
        <dep id="flash.utils:ByteArray" type="e" /> 
        <dep id="flash.net:URLStream" type="e" /> 
        <dep id="deng.fzip:FZipEvent" type="e" /> 
        <dep id="flash.events:IOErrorEvent" type="e" /> 
        <dep id="flash.events:SecurityErrorEvent" type="e" /> 
        <dep id="Error" type="e" /> 
        <dep id="flash.events:HTTPStatusEvent" type="e" /> 
        <dep id="deng.fzip:FZipErrorEvent" type="e" /> 
        <dep id="flash.events:ProgressEvent" type="e" /> 
        <dep id="flash.utils:Endian" type="e" /> 
        <dep id="deng.fzip:FZipFile" type="e" /> 
        <dep id="flash.utils:Dictionary" type="e" /> 
        <dep id="flash.events:Event" type="s" /> 
        <dep id="flash.utils:ByteArray" type="s" /> 
        <dep id="flash.net:URLRequest" type="s" /> 
        <dep id="flash.net:URLStream" type="s" /> 
        <dep id="flash.utils:IDataOutput" type="s" /> 
        <dep id="deng.fzip:FZipFile" type="s" /> 
        <dep id="flash.utils:IDataInput" type="s" /> 
        <dep id="flash.utils:Dictionary" type="s" /> 
        <dep id="Error" type="s" /> 
        <dep id="AS3" type="n" /> 
        <dep id="flash.events:EventDispatcher" type="i" /> 
      </script>
      <script name="org/astoolkit/commons/reflection/ClassInfo" mod="1339577995000" signatureChecksum="1751585784" >
        <def id="org.astoolkit.commons.reflection:ClassInfo" /> 
        <dep id="flash.utils:setTimeout" type="e" /> 
        <dep id="flash.utils:describeType" type="e" /> 
        <dep id="org.astoolkit.commons.reflection:IAnnotation" type="e" /> 
        <dep id="flash.utils:getQualifiedClassName" type="e" /> 
        <dep id="__AS3__.vec:Vector" type="e" /> 
        <dep id="org.astoolkit.commons.reflection:FieldInfo" type="e" /> 
        <dep id="flash.utils:getDefinitionByName" type="e" /> 
        <dep id="org.astoolkit.commons.reflection:AnnotationUtil" type="e" /> 
        <dep id="org.astoolkit.commons.reflection:IAnnotation" type="s" /> 
        <dep id="__AS3__.vec:Vector" type="s" /> 
        <dep id="org.astoolkit.commons.reflection:FieldInfo" type="s" /> 
        <dep id="XML" type="s" /> 
        <dep id="XMLList" type="s" /> 
        <dep id="AS3" type="n" /> 
        <dep id="org.astoolkit.commons.reflection:BaseInfo" type="i" /> 
      </script>
      <script name="newloop/air/moduleloading/PackageSignatureCheck" mod="1339446840000" signatureChecksum="3452780684" >
        <def id="newloop.air.moduleloading:PackageSignatureCheck" /> 
        <dep id="flash.events:Event" type="e" /> 
        <dep id="flash.security:ReferencesValidationSetting" type="e" /> 
        <dep id="flash.utils:ByteArray" type="e" /> 
        <dep id="mx.utils:Base64Decoder" type="e" /> 
        <dep id="flash.security:XMLSignatureValidator" type="e" /> 
        <dep id="mx.utils:Base64Encoder" type="e" /> 
        <dep id="flash.filesystem:FileMode" type="e" /> 
        <dep id="flash.security:RevocationCheckSettings" type="e" /> 
        <dep id="Error" type="e" /> 
        <dep id="flash.filesystem:FileStream" type="e" /> 
        <dep id="XML" type="e" /> 
        <dep id="mx.utils:SHA256" type="e" /> 
        <dep id="flash.filesystem:File" type="e" /> 
        <dep id="newloop.air.moduleloading:LimitedSignatureDereferencer" type="e" /> 
        <dep id="flash.security:SignatureStatus" type="e" /> 
        <dep id="flash.events:ErrorEvent" type="e" /> 
        <dep id="flash.events:Event" type="s" /> 
        <dep id="flash.security:IURIDereferencer" type="s" /> 
        <dep id="flash.utils:ByteArray" type="s" /> 
        <dep id="flash.filesystem:FileStream" type="s" /> 
        <dep id="mx.utils:Base64Decoder" type="s" /> 
        <dep id="flash.security:XMLSignatureValidator" type="s" /> 
        <dep id="XML" type="s" /> 
        <dep id="flash.filesystem:File" type="s" /> 
        <dep id="XMLList" type="s" /> 
        <dep id="mx.utils:Base64Encoder" type="s" /> 
        <dep id="Error" type="s" /> 
        <dep id="flash.events:ErrorEvent" type="s" /> 
        <dep id="AS3" type="n" /> 
        <dep id="flash.events:EventDispatcher" type="i" /> 
      </script>
      <script name="org/astoolkit/commons/ns/astoolkit_private" mod="1339426897000" signatureChecksum="1812672175" >
        <def id="org.astoolkit.commons.ns:astoolkit_private" /> 
        <dep id="AS3" type="n" /> 
      </script>
      <script name="org/astoolkit/commons/reflection/IAnnotation" mod="1339446768000" signatureChecksum="2012649824" >
        <def id="org.astoolkit.commons.reflection:IAnnotation" /> 
        <dep id="XML" type="s" /> 
        <dep id="AS3" type="n" /> 
        <dep id="Object" type="i" /> 
      </script>
      <script name="org/astoolkit/commons/reflection/Metadata" mod="1339446766000" signatureChecksum="4077449405" >
        <def id="org.astoolkit.commons.reflection:Metadata" /> 
        <dep id="flash.utils:describeType" type="e" /> 
        <dep id="flash.utils:getQualifiedClassName" type="e" /> 
        <dep id="mx.utils:StringUtil" type="e" /> 
        <dep id="flash.utils:getDefinitionByName" type="e" /> 
        <dep id="mx.logging:Log" type="e" /> 
        <dep id="Error" type="e" /> 
        <dep id="mx.logging:ILogger" type="s" /> 
        <dep id="XML" type="s" /> 
        <dep id="XMLList" type="s" /> 
        <dep id="Error" type="s" /> 
        <dep id="AS3" type="n" /> 
        <dep id="org.astoolkit.commons.reflection:IAnnotation" type="i" /> 
        <dep id="Object" type="i" /> 
      </script>
      <script name="org/astoolkit/commons/factory/IPooledFactoryDelegate" mod="1339446818000" signatureChecksum="2333499657" >
        <def id="org.astoolkit.commons.factory:IPooledFactoryDelegate" /> 
        <dep id="AS3" type="n" /> 
        <dep id="Object" type="i" /> 
      </script>
      <script name="org/astoolkit/commons/factory/DynamicPoolFactoryDelegate" mod="1339446822000" signatureChecksum="1245349271" >
        <def id="org.astoolkit.commons.factory:DynamicPoolFactoryDelegate" /> 
        <dep id="AS3" type="n" /> 
        <dep id="org.astoolkit.commons.factory:IPooledFactoryDelegate" type="i" /> 
        <dep id="Object" type="i" /> 
      </script>
      <script name="com/hurlant/eval/CompiledESC_cogen_expr_abc" mod="1210993420000" signatureChecksum="267041361" >
        <def id="com.hurlant.eval:CompiledESC_cogen_expr_abc" /> 
        <dep id="AS3" type="n" /> 
        <dep id="mx.core:ByteArrayAsset" type="i" /> 
      </script>
      <script name="com/hurlant/eval/CompiledESC_esc_core_abc" mod="1210993420000" signatureChecksum="2027075024" >
        <def id="com.hurlant.eval:CompiledESC_esc_core_abc" /> 
        <dep id="AS3" type="n" /> 
        <dep id="mx.core:ByteArrayAsset" type="i" /> 
      </script>
      <script name="org/astoolkit/commons/io/transform/api/IIODataTransformerRegistry" mod="1339446801000" signatureChecksum="3478669641" >
        <def id="org.astoolkit.commons.io.transform.api:IIODataTransformerRegistry" /> 
        <dep id="org.astoolkit.commons.io.transform.api:IIODataTransformer" type="s" /> 
        <dep id="AS3" type="n" /> 
        <dep id="Object" type="i" /> 
      </script>
      <script name="com/hurlant/eval/CompiledESC_ast_abc" mod="1210993420000" signatureChecksum="346729551" >
        <def id="com.hurlant.eval:CompiledESC_ast_abc" /> 
        <dep id="AS3" type="n" /> 
        <dep id="mx.core:ByteArrayAsset" type="i" /> 
      </script>
      <script name="org/astoolkit/commons/io/transform/api/IIODataTransformer" mod="1339763155000" signatureChecksum="3620718416" >
        <def id="org.astoolkit.commons.io.transform.api:IIODataTransformer" /> 
        <dep id="AS3" type="n" /> 
        <dep id="Object" type="i" /> 
      </script>
      <script name="org/astoolkit/commons/io/transform/BaseDataTransformer" mod="1339763145000" signatureChecksum="3060469134" >
        <def id="org.astoolkit.commons.io.transform:BaseDataTransformer" /> 
        <dep id="flash.utils:getQualifiedClassName" type="e" /> 
        <dep id="Error" type="e" /> 
        <dep id="AS3" type="n" /> 
        <dep id="org.astoolkit.commons.io.transform.api:IIODataTransformer" type="i" /> 
        <dep id="Object" type="i" /> 
      </script>
      <script name="org/astoolkit/commons/io/transform/ObjectPropertyChainDataTransform" mod="1339755196000" signatureChecksum="1836033769" >
        <def id="org.astoolkit.commons.io.transform:ObjectPropertyChainDataTransform" /> 
        <dep id="AS3" type="n" /> 
        <dep id="org.astoolkit.commons.io.transform:BaseDataTransformer" type="i" /> 
        <dep id="org.astoolkit.commons.io.transform.api:IIODataTransformer" type="i" /> 
      </script>
      <script name="org/astoolkit/commons/io/transform/DefaultDataTransformRegistry" mod="1339446813000" signatureChecksum="4155145463" >
        <def id="org.astoolkit.commons.io.transform:DefaultDataTransformRegistry" /> 
        <dep id="org.astoolkit.commons.io.transform:FunctionReferenceDataTransform" type="e" /> 
        <dep id="flash.utils:getQualifiedClassName" type="e" /> 
        <dep id="__AS3__.vec:Vector" type="e" /> 
        <dep id="org.astoolkit.commons.io.transform.api:IIODataTransformer" type="e" /> 
        <dep id="org.astoolkit.commons.io.transform:ObjectPropertyChainDataTransform" type="e" /> 
        <dep id="Error" type="e" /> 
        <dep id="org.astoolkit.commons.io.transform:RegExpDataTransform" type="e" /> 
        <dep id="__AS3__.vec:Vector" type="s" /> 
        <dep id="org.astoolkit.commons.io.transform.api:IIODataTransformer" type="s" /> 
        <dep id="AS3" type="n" /> 
        <dep id="org.astoolkit.commons.io.transform.api:IIODataTransformerRegistry" type="i" /> 
        <dep id="Object" type="i" /> 
      </script>
      <script name="org/astoolkit/commons/io/transform/RegExpDataTransform" mod="1339766724000" signatureChecksum="3201151408" >
        <def id="org.astoolkit.commons.io.transform:RegExpDataTransform" /> 
        <dep id="RegExp" type="e" /> 
        <dep id="org.astoolkit.commons.io.transform:REConfig" type="e" /> 
        <dep id="Error" type="e" /> 
        <dep id="RegExp" type="s" /> 
        <dep id="AS3" type="n" /> 
        <dep id="org.astoolkit.commons.io.transform:BaseDataTransformer" type="i" /> 
      </script>
      <script name="org/astoolkit/commons/mxml/filesystem/File" mod="1339446790000" signatureChecksum="4129174338" >
        <def id="org.astoolkit.commons.mxml.filesystem:File" /> 
        <dep id="AS3" type="n" /> 
        <dep id="flash.filesystem:File" type="i" /> 
      </script>
      <script name="com/hurlant/eval/Debug" mod="1210993422000" signatureChecksum="1599693227" >
        <def id="com.hurlant.eval:Debug" /> 
        <dep id="trace" type="e" /> 
        <dep id="com.hurlant.test:ILogger" type="s" /> 
        <dep id="AS3" type="n" /> 
        <dep id="Object" type="i" /> 
      </script>
      <script name="org/astoolkit/commons/collection/ListIterator" mod="1339675212000" signatureChecksum="196727274" >
        <def id="org.astoolkit.commons.collection:ListIterator" /> 
        <dep id="XMLList" type="e" /> 
        <dep id="Error" type="e" /> 
        <dep id="mx.collections:IList" type="e" /> 
        <dep id="AS3" type="n" /> 
        <dep id="org.astoolkit.commons.collection.api:IIterator" type="i" /> 
        <dep id="Object" type="i" /> 
      </script>
      <script name="org/astoolkit/commons/conditional/Any" mod="1340286886000" signatureChecksum="2258654481" >
        <def id="org.astoolkit.commons.conditional:Any" /> 
        <dep id="org.astoolkit.commons.conditional:AsyncExpressionToken" type="e" /> 
        <dep id="org.astoolkit.commons.conditional.api:IConditionalExpression" type="s" /> 
        <dep id="AS3" type="n" /> 
        <dep id="org.astoolkit.commons.conditional:BaseConditionalExpressionGroup" type="i" /> 
      </script>
      <script name="org/astoolkit/commons/conditional/None" mod="1340290453000" signatureChecksum="3717408837" >
        <def id="org.astoolkit.commons.conditional:None" /> 
        <dep id="AS3" type="n" /> 
        <dep id="org.astoolkit.commons.conditional:Any" type="i" /> 
      </script>
      <script name="com/hurlant/eval/CompiledESC_lex_token_abc" mod="1210993420000" signatureChecksum="1849866350" >
        <def id="com.hurlant.eval:CompiledESC_lex_token_abc" /> 
        <dep id="AS3" type="n" /> 
        <dep id="mx.core:ByteArrayAsset" type="i" /> 
      </script>
      <script name="org/astoolkit/commons/conditional/Eq" mod="1340353830000" signatureChecksum="2682540197" >
        <def id="org.astoolkit.commons.conditional:Eq" /> 
        <dep id="org.astoolkit.commons.utils:ObjectCompare" type="e" /> 
        <dep id="AS3" type="n" /> 
        <dep id="org.astoolkit.commons.conditional:BaseConditionalExpression" type="i" /> 
      </script>
      <script name="org/astoolkit/commons/factory/MonoInstanceFactory" mod="1339446817000" signatureChecksum="2905691118" >
        <def id="org.astoolkit.commons.factory:MonoInstanceFactory" /> 
        <dep id="Error" type="e" /> 
        <dep id="AS3" type="n" /> 
        <dep id="mx.core:IFactory" type="i" /> 
        <dep id="Object" type="i" /> 
      </script>
      <script name="org/astoolkit/commons/collection/api/IIteratorFactory" mod="1339446826000" signatureChecksum="3570291142" >
        <def id="org.astoolkit.commons.collection.api:IIteratorFactory" /> 
        <dep id="org.astoolkit.commons.collection.api:IIterator" type="s" /> 
        <dep id="AS3" type="n" /> 
        <dep id="org.astoolkit.commons.factory:IPooledFactory" type="i" /> 
        <dep id="Object" type="i" /> 
      </script>
      <script name="deng/fzip/FZipEvent" mod="1339446847000" signatureChecksum="1778603245" >
        <def id="deng.fzip:FZipEvent" /> 
        <dep id="deng.fzip:FZipFile" type="s" /> 
        <dep id="AS3" type="n" /> 
        <dep id="flash.events:Event" type="i" /> 
      </script>
      <script name="org/astoolkit/commons/conditional/MatchRegExp" mod="1340300594000" signatureChecksum="2461750629" >
        <def id="org.astoolkit.commons.conditional:MatchRegExp" /> 
        <dep id="RegExp" type="s" /> 
        <dep id="AS3" type="n" /> 
        <dep id="org.astoolkit.commons.conditional:BaseConditionalExpression" type="i" /> 
      </script>
      <script name="com/hurlant/eval/CompiledESC_eval_support_abc" mod="1210993420000" signatureChecksum="219791159" >
        <def id="com.hurlant.eval:CompiledESC_eval_support_abc" /> 
        <dep id="AS3" type="n" /> 
        <dep id="mx.core:ByteArrayAsset" type="i" /> 
      </script>
      <script name="deng/fzip/FZipLibrary" mod="1339446845000" signatureChecksum="3517429988" >
        <def id="deng.fzip:FZipLibrary" /> 
        <dep id="flash.events:Event" type="e" /> 
        <dep id="ReferenceError" type="e" /> 
        <dep id="flash.display:BitmapData" type="e" /> 
        <dep id="trace" type="e" /> 
        <dep id="flash.display:DisplayObject" type="e" /> 
        <dep id="flash.display:Bitmap" type="e" /> 
        <dep id="flash.events:IOErrorEvent" type="e" /> 
        <dep id="deng.fzip:FZipEvent" type="e" /> 
        <dep id="flash.display:Loader" type="e" /> 
        <dep id="RegExp" type="e" /> 
        <dep id="Error" type="e" /> 
        <dep id="deng.fzip:FZipErrorEvent" type="e" /> 
        <dep id="flash.events:Event" type="s" /> 
        <dep id="ReferenceError" type="s" /> 
        <dep id="flash.utils:ByteArray" type="s" /> 
        <dep id="flash.display:BitmapData" type="s" /> 
        <dep id="deng.fzip:FZip" type="s" /> 
        <dep id="flash.display:DisplayObject" type="s" /> 
        <dep id="deng.fzip:FZipEvent" type="s" /> 
        <dep id="deng.fzip:FZipFile" type="s" /> 
        <dep id="RegExp" type="s" /> 
        <dep id="flash.display:Loader" type="s" /> 
        <dep id="AS3" type="n" /> 
        <dep id="flash.events:EventDispatcher" type="i" /> 
      </script>
      <script name="org/astoolkit/commons/conditional/Gt" mod="1340295157000" signatureChecksum="2979482169" >
        <def id="org.astoolkit.commons.conditional:Gt" /> 
        <dep id="org.astoolkit.commons.utils:ObjectCompare" type="e" /> 
        <dep id="AS3" type="n" /> 
        <dep id="org.astoolkit.commons.conditional:BaseConditionalExpression" type="i" /> 
      </script>
      <script name="com/hurlant/eval/CompiledESC_emit_abc" mod="1210993420000" signatureChecksum="2350755409" >
        <def id="com.hurlant.eval:CompiledESC_emit_abc" /> 
        <dep id="AS3" type="n" /> 
        <dep id="mx.core:ByteArrayAsset" type="i" /> 
      </script>
      <script name="org/astoolkit/commons/collection/DefaultIteratorFactory" mod="1339446835000" signatureChecksum="1590096807" >
        <def id="org.astoolkit.commons.collection:DefaultIteratorFactory" /> 
        <dep id="org.astoolkit.commons.reflection:ClassInfo" type="e" /> 
        <dep id="flash.utils:getQualifiedClassName" type="e" /> 
        <dep id="org.astoolkit.commons.collection:ByteArrayIterator" type="e" /> 
        <dep id="org.astoolkit.commons.collection:FileStreamIterator" type="e" /> 
        <dep id="org.astoolkit.commons.collection:CountIterator" type="e" /> 
        <dep id="org.astoolkit.commons.collection:ListIterator" type="e" /> 
        <dep id="org.astoolkit.commons.collection:InfiniteIterator" type="e" /> 
        <dep id="org.astoolkit.commons.collection.annotation:IteratorSource" type="e" /> 
        <dep id="org.astoolkit.commons.reflection:ClassInfo" type="s" /> 
        <dep id="org.astoolkit.commons.reflection:IAnnotation" type="s" /> 
        <dep id="__AS3__.vec:Vector" type="s" /> 
        <dep id="org.astoolkit.commons.collection.api:IIterator" type="s" /> 
        <dep id="org.astoolkit.commons.collection.annotation:IteratorSource" type="s" /> 
        <dep id="AS3" type="n" /> 
        <dep id="org.astoolkit.commons.collection.api:IIteratorFactory" type="i" /> 
        <dep id="org.astoolkit.commons.factory:PooledFactory" type="i" /> 
      </script>
      <script name="org/astoolkit/commons/utils/SWCLibraryExtractor" mod="1340282503000" signatureChecksum="3478352691" >
        <def id="org.astoolkit.commons.utils:SWCLibraryExtractor" /> 
        <dep id="flash.events:Event" type="e" /> 
        <dep id="flash.utils:ByteArray" type="e" /> 
        <dep id="flash.utils:Endian" type="e" /> 
        <dep id="Error" type="e" /> 
        <dep id="flash.events:Event" type="s" /> 
        <dep id="flash.utils:ByteArray" type="s" /> 
        <dep id="mx.rpc:IResponder" type="s" /> 
        <dep id="flash.filesystem:File" type="s" /> 
        <dep id="Error" type="s" /> 
        <dep id="AS3" type="n" /> 
        <dep id="flash.events:EventDispatcher" type="i" /> 
      </script>
      <script name="com/hurlant/eval/CompiledESC_lex_scan_abc" mod="1210993420000" signatureChecksum="2401744384" >
        <def id="com.hurlant.eval:CompiledESC_lex_scan_abc" /> 
        <dep id="AS3" type="n" /> 
        <dep id="mx.core:ByteArrayAsset" type="i" /> 
      </script>
      <script name="org/astoolkit/commons/collection/annotation/IteratorSource" mod="1339446828000" signatureChecksum="1231975821" >
        <def id="org.astoolkit.commons.collection.annotation:IteratorSource" /> 
        <dep id="flash.utils:getQualifiedClassName" type="e" /> 
        <dep id="flash.utils:getDefinitionByName" type="e" /> 
        <dep id="AS3" type="n" /> 
        <dep id="org.astoolkit.commons.reflection:Metadata" type="i" /> 
      </script>
      <script name="org/astoolkit/commons/io/transform/FunctionReferenceDataTransform" mod="1339766478000" signatureChecksum="587773496" >
        <def id="org.astoolkit.commons.io.transform:FunctionReferenceDataTransform" /> 
        <dep id="org.astoolkit.commons.io.transform:TransformUtil" type="e" /> 
        <dep id="AS3" type="n" /> 
        <dep id="org.astoolkit.commons.io.transform:BaseDataTransformer" type="i" /> 
      </script>
      <script name="newloop/air/moduleloading/LimitedSignatureDereferencer" mod="1339446841000" signatureChecksum="3574882549" >
        <def id="newloop.air.moduleloading:LimitedSignatureDereferencer" /> 
        <dep id="flash.utils:ByteArray" type="e" /> 
        <dep id="Error" type="e" /> 
        <dep id="flash.utils:ByteArray" type="s" /> 
        <dep id="XML" type="s" /> 
        <dep id="XMLList" type="s" /> 
        <dep id="flash.utils:IDataInput" type="s" /> 
        <dep id="Error" type="s" /> 
        <dep id="AS3" type="n" /> 
        <dep id="flash.security:IURIDereferencer" type="i" /> 
        <dep id="Object" type="i" /> 
      </script>
      <script name="org/astoolkit/commons/io/transform/REConfig" mod="1339754556000" signatureChecksum="2799929921" >
        <def id="org.astoolkit.commons.io.transform:REConfig" /> 
        <dep id="RegExp" type="e" /> 
        <dep id="Error" type="e" /> 
        <dep id="org.astoolkit.commons.io.transform:RegExpDataTransform" type="e" /> 
        <dep id="org.astoolkit.commons.io.transform.api:IIODataTransformer" type="s" /> 
        <dep id="RegExp" type="s" /> 
        <dep id="Error" type="s" /> 
        <dep id="org.astoolkit.commons.io.transform:RegExpDataTransform" type="s" /> 
        <dep id="AS3" type="n" /> 
        <dep id="Object" type="i" /> 
      </script>
      <script name="org/astoolkit/commons/collection/api/IRepeater" mod="1339446825000" signatureChecksum="1347909831" >
        <def id="org.astoolkit.commons.collection.api:IRepeater" /> 
        <dep id="org.astoolkit.commons.collection.api:IIterator" type="s" /> 
        <dep id="AS3" type="n" /> 
        <dep id="Object" type="i" /> 
      </script>
      <script name="com/hurlant/eval/CompiledESC_cogen_abc" mod="1210993420000" signatureChecksum="4207849508" >
        <def id="com.hurlant.eval:CompiledESC_cogen_abc" /> 
        <dep id="AS3" type="n" /> 
        <dep id="mx.core:ByteArrayAsset" type="i" /> 
      </script>
      <script name="com/hurlant/eval/CompiledESC_abc_abc" mod="1210993420000" signatureChecksum="3355552674" >
        <def id="com.hurlant.eval:CompiledESC_abc_abc" /> 
        <dep id="AS3" type="n" /> 
        <dep id="mx.core:ByteArrayAsset" type="i" /> 
      </script>
      <script name="com/hurlant/eval/CompiledESC_esc_env_abc" mod="1210993420000" signatureChecksum="4006786036" >
        <def id="com.hurlant.eval:CompiledESC_esc_env_abc" /> 
        <dep id="AS3" type="n" /> 
        <dep id="mx.core:ByteArrayAsset" type="i" /> 
      </script>
      <script name="com/hurlant/eval/CompiledESC_lex_char_abc" mod="1210993420000" signatureChecksum="2072622555" >
        <def id="com.hurlant.eval:CompiledESC_lex_char_abc" /> 
        <dep id="AS3" type="n" /> 
        <dep id="mx.core:ByteArrayAsset" type="i" /> 
      </script>
      <script name="org/astoolkit/commons/collection/InfiniteIterator" mod="1339675208000" signatureChecksum="2464782597" >
        <def id="org.astoolkit.commons.collection:InfiniteIterator" /> 
        <dep id="AS3" type="n" /> 
        <dep id="org.astoolkit.commons.collection.api:IIterator" type="i" /> 
        <dep id="Object" type="i" /> 
      </script>
      <script name="com/hurlant/eval/CompiledESC_util_abc" mod="1210993420000" signatureChecksum="2879762074" >
        <def id="com.hurlant.eval:CompiledESC_util_abc" /> 
        <dep id="AS3" type="n" /> 
        <dep id="mx.core:ByteArrayAsset" type="i" /> 
      </script>
      <script name="org/astoolkit/commons/reflection/FieldInfo" mod="1339577239000" signatureChecksum="3026428174" >
        <def id="org.astoolkit.commons.reflection:FieldInfo" /> 
        <dep id="org.astoolkit.commons.reflection:IAnnotation" type="e" /> 
        <dep id="flash.utils:getQualifiedClassName" type="e" /> 
        <dep id="__AS3__.vec:Vector" type="e" /> 
        <dep id="org.astoolkit.commons.reflection:ClassInfo" type="s" /> 
        <dep id="org.astoolkit.commons.reflection:IAnnotation" type="s" /> 
        <dep id="__AS3__.vec:Vector" type="s" /> 
        <dep id="AS3" type="n" /> 
        <dep id="org.astoolkit.commons.reflection:BaseInfo" type="i" /> 
      </script>
      <script name="deng/utils/ChecksumUtil" mod="1339446843000" signatureChecksum="3478732995" >
        <def id="deng.utils:ChecksumUtil" /> 
        <dep id="flash.utils:ByteArray" type="s" /> 
        <dep id="AS3" type="n" /> 
        <dep id="Object" type="i" /> 
      </script>
      <script name="org/astoolkit/commons/io/transform/TransformUtil" mod="1339757698000" signatureChecksum="3520093130" >
        <def id="org.astoolkit.commons.io.transform:TransformUtil" /> 
        <dep id="org.astoolkit.commons.io.transform:FunctionReferenceDataTransform" type="e" /> 
        <dep id="XML" type="e" /> 
        <dep id="XMLList" type="e" /> 
        <dep id="org.astoolkit.commons.io.transform:FunctionReferenceDataTransform" type="s" /> 
        <dep id="org.astoolkit.commons.io.transform.api:IIODataTransformer" type="s" /> 
        <dep id="AS3" type="n" /> 
        <dep id="Object" type="i" /> 
      </script>
      <script name="_7f3cc47a6f503b63b3085d944314ae3f8e0fd88df6a62810d27381508fd686f2_flash_display_Sprite" mod="1340539172040" signatureChecksum="3968694675" >
        <def id="_7f3cc47a6f503b63b3085d944314ae3f8e0fd88df6a62810d27381508fd686f2_flash_display_Sprite" /> 
        <dep id="flash.system:Security" type="e" /> 
        <dep id="AS3" type="n" /> 
        <dep id="flash.display:Sprite" type="i" /> 
      </script>
      <script name="org/astoolkit/commons/io/transform/Chain" mod="1339767579000" signatureChecksum="2849009075" >
        <def id="org.astoolkit.commons.io.transform:Chain" /> 
        <dep id="__AS3__.vec:Vector" type="s" /> 
        <dep id="org.astoolkit.commons.io.transform.api:IIODataTransformer" type="s" /> 
        <dep id="AS3" type="n" /> 
        <dep id="org.astoolkit.commons.io.transform:BaseDataTransformer" type="i" /> 
      </script>
      <script name="org/astoolkit/commons/mapping/MappingError" mod="1339446793000" signatureChecksum="1029646323" >
        <def id="org.astoolkit.commons.mapping:MappingError" /> 
        <dep id="AS3" type="n" /> 
        <dep id="Error" type="i" /> 
      </script>
      <script name="com/hurlant/eval/CompiledESC_util_tamarin_abc" mod="1210993420000" signatureChecksum="3431382705" >
        <def id="com.hurlant.eval:CompiledESC_util_tamarin_abc" /> 
        <dep id="AS3" type="n" /> 
        <dep id="mx.core:ByteArrayAsset" type="i" /> 
      </script>
      <script name="org/astoolkit/commons/conditional/Eval" mod="1340286733000" signatureChecksum="3392909432" >
        <def id="org.astoolkit.commons.conditional:Eval" /> 
        <dep id="flash.events:Event" type="e" /> 
        <dep id="com.hurlant.eval:CompiledESC" type="e" /> 
        <dep id="com.hurlant.eval:ByteLoader" type="e" /> 
        <dep id="Date" type="e" /> 
        <dep id="org.astoolkit.commons.conditional:AsyncExpressionToken" type="e" /> 
        <dep id="Error" type="e" /> 
        <dep id="flash.events:Event" type="s" /> 
        <dep id="com.hurlant.eval:CompiledESC" type="s" /> 
        <dep id="flash.utils:ByteArray" type="s" /> 
        <dep id="org.astoolkit.commons.conditional:AsyncExpressionToken" type="s" /> 
        <dep id="Error" type="s" /> 
        <dep id="AS3" type="n" /> 
        <dep id="org.astoolkit.commons.conditional:BaseConditionalExpression" type="i" /> 
        <dep id="Object" type="i" /> 
      </script>
      <script name="org/astoolkit/commons/mapping/DataMap" mod="1339780370000" signatureChecksum="825880357" >
        <def id="org.astoolkit.commons.mapping:DataMap" /> 
        <dep id="org.astoolkit.commons.io.transform:DefaultDataTransformRegistry" type="e" /> 
        <dep id="org.astoolkit.commons.mapping:SimplePropertiesMapper" type="e" /> 
        <dep id="org.astoolkit.commons.factory:PooledFactory" type="e" /> 
        <dep id="org.astoolkit.commons.factory:DynamicPoolFactoryDelegate" type="e" /> 
        <dep id="org.astoolkit.commons.factory:IPooledFactory" type="s" /> 
        <dep id="mx.core:IFactory" type="s" /> 
        <dep id="org.astoolkit.commons.mapping:SimplePropertiesMapper" type="s" /> 
        <dep id="org.astoolkit.commons.factory:PooledFactory" type="s" /> 
        <dep id="org.astoolkit.commons.io.transform.api:IIODataTransformerRegistry" type="s" /> 
        <dep id="AS3" type="n" /> 
        <dep id="org.astoolkit.commons.mapping.api:IPropertiesMapper" type="i" /> 
        <dep id="Object" type="i" /> 
      </script>
      <script name="com/hurlant/eval/CompiledESC_asm_abc" mod="1210993420000" signatureChecksum="4291734567" >
        <def id="com.hurlant.eval:CompiledESC_asm_abc" /> 
        <dep id="AS3" type="n" /> 
        <dep id="mx.core:ByteArrayAsset" type="i" /> 
      </script>
      <script name="deng/fzip/FZipFile" mod="1339499636000" signatureChecksum="3419645649" >
        <def id="deng.fzip:FZipFile" /> 
        <dep id="flash.utils:describeType" type="e" /> 
        <dep id="flash.utils:ByteArray" type="e" /> 
        <dep id="Date" type="e" /> 
        <dep id="flash.utils:Endian" type="e" /> 
        <dep id="Math" type="e" /> 
        <dep id="flash.utils:Dictionary" type="e" /> 
        <dep id="Error" type="e" /> 
        <dep id="deng.utils:ChecksumUtil" type="e" /> 
        <dep id="flash.utils:ByteArray" type="s" /> 
        <dep id="Date" type="s" /> 
        <dep id="flash.utils:IDataOutput" type="s" /> 
        <dep id="flash.utils:IDataInput" type="s" /> 
        <dep id="flash.utils:Dictionary" type="s" /> 
        <dep id="AS3" type="n" /> 
        <dep id="Object" type="i" /> 
      </script>
      <digests>
        <digest type="SHA-256" signed="false" value="8b53415196bbd24109d24f0c139ba5148a6fe0cf71ee46c18798fe7f75134120"   />
      </digests>
    </library>
  </libraries>
  <files>
  </files>
</swc>
